{
    "accuracy": 0.7092696629213483,
    "roc_auc": 0.6665873989336404,
    "precision": 0.6666666666666666,
    "recall": 0.4835164835164835
}