{
    "accuracy": 0.7373595505617978,
    "roc_auc": 0.6831334952063881,
    "precision": 0.76875,
    "recall": 0.45054945054945056
}